zU2jsQ0Aw3,PhD
0rsr4cawvW,Masters
74mHYVz8Da,Masters
NjAn8Ocgrc,Associates
nNanKRmEsQ,Bachelors
VLIL59QpY2,Bachelors
ojU0c6QDbH,High School
E9tWWTBUKa,Bachelors
MuLEoNtmO2,Bachelors
dij1jW2DoY,Bachelors
DLZL7Oa87x,Bachelors
l3MR79kgnD,Bachelors
g4n6lFIXff,Associates
SewvNnv9eX,Bachelors
jF4sjXZWCX,High School
fTSgMprcz6,Associates
U5SZbUsoFt,Bachelors
E56ASQqKDP,PhD
CJuxfIIbws,Bachelors
ua7LAaGDGb,PhD
jLnj5VN05G,Bachelors
s6d69BTWPG,Bachelors
8CnMRfyuXX,Bachelors
b0mJj1SHRr,Bachelors
pla0hvaLKO,Bachelors
