aligavascm,Tracy Foster,rowe.chad@hotmail.com,B$2y$10$JlkB6LkB9jPTuHVpSF8T4e0S1QQvS3b3HveZLg7ONxUZ3FsKVkPcG,O99fsUabIT,NULL
estudio5q7,Orlando Fleming,ehahn@hotmail.com,B$2y$10$z4VoDHHdt.apVBKF4tDCu.Fg03yPK53Rsnk/n2OwhUbXwDDFxc61q,NULL,zU2jsQ0Aw3
ryfelwnnv,Mark Benson,letitia.johns@gmail.com,B$2y$10$QNy3/nQ0TIJ2PtPFBueAueTtLhZ3fmhTLkhxawCBjCTChBTuliBKG,3eraWtjhqX,NULL
Friniir,Florence Wade,abernathy.thalia@hotmail.com,B$2y$10$K04.7dGKkJWeA/w6kt1A2OG8nt0EOETtfT4zyKVhNE/QVERA31S.S,ISpQbGBq1h,NULL
delarguiau,Jeanette Huff,hyatt.urban@kemmer.com,B$2y$10$oyGjq0yLdjmoF3UxPprbZ.42Ehe/42lOGaFMJNgUWKDqTJp61ZG4u,nPrmIEjjf0,NULL
slammer111kw,Ira Myers,zieme.margaret@hotmail.com,B$2y$10$Q9mdakVBYL.ShzLc7ewTR.DyymVX8UbSzKm3j.iy0qF6LcWQOjZAm,hY9ju7wVx5,NULL
prettyxlies1ua,Jessie Allison,danika44@gmail.com,B$2y$10$BT6KkDa6sZPfOqZlX4lvZeZeg.d9/vU6KBW5WzzSFJkRGxx2Bn0Eq,NULL,0rsr4cawvW
flautistillog1,Katherine Lamb,larkin.althea@ziemann.net,B$2y$10$e0pRvPlj1G/ahEu4rMLge.p7ITlLzq.Mgs3ZKRq6bOJoQvb4iDWR.,pY2AlrRFw4,NULL
rodongal,Joan Ross,jenkins.belle@cormier.com,B$2y$10$g7HgqociZn9zBXpNJvIrsOGD5KzCViIK7XAVd260WQe/srDLZed2C,yPbv3Hfozh,NULL
weschayy8,Ada Gibbs,nola.kuphal@cummings.com,B$2y$10$eawJnMmQC/6AplLzos9u1OqGLvgxZUbiAuJTekYUbDNDqSoqqAlCe,dwD9Vk65ak,NULL
ppwyre,Israel Mckenzie,makenzie.morissette@hotmail.com,B$2y$10$eTilmuW1Hqx0DEqhhYRhauylakRoUT498J05wFzT9k/xyZMD2EB0a,IAeCgCsbgm,NULL
sothachoe,Elsie Hogan,giovanni.klocko@hotmail.com,B$2y$10$Q.RTKa779JKuNsOj84B3auZgS5aImaCFQmD8NTQXcszkj16ei9Ssq,gn8QQMztU4,NULL
esbarbatzgg,Melvin Roy,cartwright.sydney@roob.info,B$2y$10$0rEZkQfl6CJ9ZxcGuMXi9OV5oVjefTLGreTc1cYRa17Gjz2TVLlWm,jKyWoyF9fS,NULL
kampowervd,Jared Howell,abner.runolfsdottir@mann.info,B$2y$10$FdO.kDZnStWnC8NppNFL9enuvkJ5RUBgK3wqf/Fi7rEZFTtBjarE6,pfl200EjOZ,NULL
Silvijazi,Darren Christensen,lavina.kutch@yahoo.com,B$2y$10$Tn40NZ2bIMIwv.lbrM.9ROHeTJGy.Zyw5yCiz3GCjQvd4PXbLGLL2,4jqIZ6T0kr,NULL
jellybean0130e2,Hector Matthews,oconnell.damien@reichert.com,B$2y$10$tqlfzIhfd9v8nooLRiC23OuPBMisbmW/5fpNQzRBQRXI4Rjb61BUy,NULL,74mHYVz8Da
cenitevre,Essie Cannon,koepp.ezequiel@stroman.com,B$2y$10$T2pQxPaE1bPGpiNRC7YLPe/.niHE9ZfNzDmc4XTCXuEzvuPMOhCJ6,ZIIpU9ScgK,NULL
hang8810n,Cecelia Collier,kozey.marty@kilback.com,B$2y$10$9/BcOOVX43UAIIm72jbABuoa4lhgzkw.Q9E.KzAmksExQdTnartKm,PRn82ejn4X,NULL
dolarowy2c,Lyle Taylor,vdicki@hotmail.com,B$2y$10$awB4uwk7JsKxqyzZqCfSpuUrGyoCh8dZuBnS./5kZTa7C5Q6eL99K,0WkfJVxclY,NULL
phipsutrillgk,Ashley Brewer,langworth.tyrel@sanford.org,B$2y$10$oKe9iuRkQri/y87HblAEYOeBzO7DCWqzgfMNjySkqdjj1u2l3HZHq,NYuYFzrWcL,NULL
ayikhandez8,Alfredo Sherman,yasmin.dubuque@blick.com,B$2y$10$jfJCvgFLPQcQvUKKw22fee2KBcJH1gVoO5y8NwE2ZgQcqMQ6Sv.fO,rF82uMvrPx,NULL
skarfaric,Dana Stevenson,elarkin@hotmail.com,B$2y$10$ekfvqXP1Qs7gBOPY2pSYK.J.UYIqERse3juZRbkFSfP4C1DX7Vxd.,bEKtl8hNFg,NULL
hvirflafo,Julius Bryant,kristian.shanahan@gmail.com,B$2y$10$9.onOZQwr7XiLjDDFh/bCuCiwatcDUBz4pYZpAoxEKeLsvQ3MpVJy,quouVuiYwy,NULL
acodissin9,Jamie Lopez,kuhic.henriette@gmail.com,B$2y$10$nedy2qRidWZABNX5LBCMy.XrbGHR.sCqmVEOYgvyKVEQhDUvJa6BK,18L3SmarYB,NULL
Kurbelkb,Adam Hampton,ozboncak@gmail.com,B$2y$10$.IrVVjI5Hvu.Q.asG.UBYOXa0bIDkHBzVv23V.1r/2cNB5ToGoqAq,tTCuI9BbYK,NULL
agokadofsrr,Zachary May,kbuckridge@yahoo.com,B$2y$10$5kPyBtRQRvBIkzkSM0LuKOMdFEdza5SXIVXvYgYK0JVaPw6V/Nbw2,EeQ8M27ndn,NULL
smartkid9999ef,Vincent Ryan,clemmie.murazik@luettgen.biz,B$2y$10$TpbGbtIcbZUsKX8P7GIULe0LM7vF3fBpUyQPjDRIABj29ulOX7Yly,yntfYzQ8XQ,NULL
amazong9,Chelsea Dawson,nelson24@hotmail.com,B$2y$10$H8EixtuG2f6YG5EaCxAunO1pWZYtagvTzb9qfEcmm2S1751JelFhm,3ROwxYSVAa,NULL
gecoverdeo8,Kimberly Guzman,fsmitham@luettgen.com,B$2y$10$mXDCdP8r2p/LkMcgkEUqJOBWfy4LVZKY4oFl8Jv.2GioIHA.1btpe,sPHqvDd4Xv,NULL
czechistaip,Tony Hayes,ohara.lesley@yahoo.com,B$2y$10$3Da74fuPW1.EfQFvkPyjT.GVFPW9BMpT1fAljHKNqS78eMxFS3B/a,SzYYn6FYGP,NULL
Venneraje,Brooke Bailey,kozey.antone@bergstrom.net,B$2y$10$4mPKKhlOBi0Er9k/7Nv/SuA8Klx/GMA9Uibiv4rZrqFG/HeaKdqhO,NULL,NjAn8Ocgrc
probudimads,Yvette Banks,delaney12@hotmail.com,B$2y$10$PC0FEufKdXRyUOP4C5xCUefwhQCtyt.z5DTtHZgMC1kj3gMqfmjYK,quVzMp3nJd,NULL
odstrelifd,Margaret Phillips,jason79@dicki.com,B$2y$10$HsFBfTn75u0buSItfgXeQO3gs4U640uyiFxueoPsHTOPFSZEcOGqS,DOMaVuUIf7,NULL
Heroutz3,Wanda Meyer,godfrey63@crooks.com,B$2y$10$xSe5iwhICq0FWZccUWT0uuCiQiZ60h6DV4a7x1JefheXpm8mNHefi,PcaEdIBg9U,NULL
engatjamjd,Ebony Carroll,oconnell.ivah@nader.biz,B$2y$10$5RuQUURvTR.OcJGXyI1T6ORIgwGtnm4sbStnRUUBSkISPAwq.a2pC,ngaabqX9ZD,NULL
belodonte8w,Nicole Bridges,krystel.baumbach@beahan.com,B$2y$10$GdcFalecLP55pcKdw/uoxuJ8G./RwJ1x3ox4VkzBANpFIEmmxa4EK,z6CbTRS4ax,NULL
cordat57,Donnie Schwartz,mikayla33@yahoo.com,B$2y$10$Qc0To0ZHnWYsALOK19e12eObxWj9tSFhzBCik1ByMfqN5oU9zNxIa,TR6kYfENtx,NULL
enabisett,Bobby Tucker,jordon48@gmail.com,B$2y$10$7th3NuYUXvkGGczuBNa8qug45ENP30URQw0iWT7XVjoC4yiLi92oe,uZdUUqMFKd,NULL
estherkimkim8q,Victor Thompson,alfreda91@murray.com,B$2y$10$mfIYAf5pHQkTUfX4wLkZbubq/zpDEWKWnja4u3Ga/Bgc7zdx8W2ea,Af4QeKFlz7,nNanKRmEsQ
utheat,Kristi Jordan,cielo16@gmail.com,B$2y$10$HiZOuJh5o.jdTpxdOQwwK.b.e9ItWzWaLgnolpNkn635xIuZLWMIK,vToq8Jrf9g,NULL
oslobode87,Hazel Washington,dubuque.emilie@marks.com,B$2y$10$zM/yKCZzB9Gho4YzppNUD.u9AYvLghqyM2rU.BUUCGA2nk86zjxaS,jJmHRAprQZ,NULL
lilmzceeag,Vera Harper,vlegros@gmail.com,B$2y$10$OspdckkiynwBgd0pnRAgpeTkz7EXLd9zNFs/poHgmJu8Kopf15Xw.,25LE6T6eOk,NULL
triquitas7j,Esther Malone,rick.frami@yahoo.com,B$2y$10$wJ6b0uX7PBsYHdyyntICJey4WJBgJQ3clxuvIampa1zEFey2a..Cm,NULL,VLIL59QpY2
rerribiobethyg6,Rolando Elliott,rowena10@pollich.com,B$2y$10$GJcbPNEOM0/7imwdk5/MMeJPJTUrFqiM2n7CtvlVjxC9pKzzPxVkC,v3zKnbcvKJ,NULL
Khululo,Kristy Miller,xturcotte@hotmail.com,B$2y$10$9fmD1aPyCXiRnOab61jnkONIGnEVl7BtXE1SmfoR61gnWM03qVwBy,AB1wFJLMoQ,NULL
crynckitrhynCh2,Rosa Rodgers,qbreitenberg@gmail.com,B$2y$10$DRqscOkG799EhAA69d3UheFfZ8Bk1yRyp13WhrwoQHQsdNFAEujVq,NULL,ojU0c6QDbH
geodetkv4,Henry Curtis,grimes.ella@gmail.com,B$2y$10$QydrcDVCUAqOKHI/vJh9a.s2r9ItAgQaDziYGu.dClJRSoBRlqAR6,EAl7cFZVS0,NULL
bonure2,Brett Dunn,jade.bechtelar@hoeger.net,B$2y$10$i/v302p8XFFBEkZ1kR0S2eqzVhhRKlzxDAnByayH1IcQ4pUL0gKFW,73nk5Vuw75,NULL
Aldingerw2,Kenny Larson,polly54@cormier.net,B$2y$10$sFHKkWBwIuZtAUJSttJROOzXsMlMvhgnUAd/EdHtNpoqCsDUzW7fK,VHfHnRgd1f,NULL
mapangoni1n,Rachel Pittman,zboncak.marlin@dickinson.com,B$2y$10$I6KWGJ3rPTux1/YyhuERhuiA9l0xQcGJ.E5SCGW0foY8u7dbysod6,K27niNvpNB,NULL
sparrelxe,Arthur Henderson,isom.schinner@beahan.net,B$2y$10$0bnMLKMJDh3vCU9wFkJRHuwoeZT/Vil5gO8mSJCZ8VtiZCCYBHN0C,fzqPeGajf2,NULL
ecibjaverianaak,Owen Frazier,roberto.stanton@schmitt.com,B$2y$10$jVLPa.NAxV4TC.Ggm8gU5eo3vhigg61DAV061iq/zV5By.ZsSi/V2,WEe0uSF2dD,NULL
Gerardinvh,Harry Ortega,larson.elouise@hotmail.com,B$2y$10$AbE4p7UlihJzzXtNA6DAdeCJ8HeXF39ZzUa6FgpBM4Ugi/OqIL9Vm,7iQu8ztjds,NULL
akivahv5,Ricky Berry,omari.parker@yahoo.com,B$2y$10$qcOKHdjA2.wxwQl4IFMKFuh3ilWGBL.nXblaGQuGNTjusst9XX/Ni,FW0UlSz4Hh,NULL
feeblylegsrl,Byron Butler,halvorson.scotty@price.com,B$2y$10$TBlHq8bQuwhOkPCymghmsuzbm0GuwbyjlHPty.RVByrD3JsBeUBnG,PsV3dxSC81,NULL
nilimwitaes,Gene Reese,valerie84@nicolas.com,B$2y$10$v38bZX14wdcolpkFLvr8JuiCTJ3Vji9YvT.kQZ.hvwOJPEOM6Ltuu,yROVFNsDDR,NULL
Sandkopfit,Judith Reid,dvon@hotmail.com,B$2y$10$zHYArv0CqaZ22qtnEt4W.OK8vNhuVrQNTu6b4BwiwCA35UtsL.Mta,QhS7araUXR,NULL
Monkam7k,Jaime Flores,mina36@jacobi.com,B$2y$10$IVM9/dcGqisYOp/CUqJCoefiAGWc6kHqS8eqOvaCSIwRIJQ0QLroK,WiGdRKCZpS,NULL
lunnew0,Sheila Lawrence,austen.brown@kunde.biz,B$2y$10$yOGP3K74tbyHc8K3pvN/kOByuNJe438el0OBkux3r7dQbP5qSduAC,TmmlqZ2f4d,NULL
omnibusawc,Doreen Peters,adell24@yahoo.com,B$2y$10$xuLxmIN4UylwoJqUvccATeEwNql63vI6Ja37.LbGMN9dcOTed/04O,NULL,E9tWWTBUKa
neefu4y,Woodrow Cox,philip75@farrell.com,B$2y$10$6aYr4rvKtqXIPclKsbBgoeFpH1xWQaANQjdF0x/B6K7JK8Gml9KGK,uLcgA0NURn,NULL
satyrusej,Louis Blake,nrath@kiehn.com,B$2y$10$lPyCyyXvIV4NOC3RTahjDOIKZjP7oxih/zNkyv0debeRRxJnCSPlm,VIxSpFZ1Fa,NULL
tarats6b,Harriet Boone,tamara38@welch.biz,B$2y$10$or4syAVgJUQqsQa8oYbcDur1/Iyt.Ulsmkjes4swQxf6Pf/T/IeUO,RFgsuJ3JRS,NULL
ihlanzwa7d,Rachael Fletcher,bernhard.hamill@gmail.com,B$2y$10$n2PHdTw4QolWBP7K8mB2WOJjsPgvPSMQjEIo9XOYNTqbT1wwOt0Oy,CsanxBFIWZ,MuLEoNtmO2
Morosetticj,Margie Chavez,julio.stanton@ward.com,B$2y$10$oVj/04vqbi.uNqnEIJvG6eO7QeOdEhl0nKnEmtEyzTADhBM578NL.,NULL,dij1jW2DoY
Meczlzx,Martin Oliver,parisian.katelynn@ledner.com,B$2y$10$01D0ar5ntLT2KU6LUSxltePfLIUpLH0rZMCw3gIxMoyUtoDPBLYBy,NULL,DLZL7Oa87x
krakkanad8,Traci Luna,cruickshank.herbert@marks.org,B$2y$10$ldXC1qbl1s//cQS05IBHieNWZRuCTtHQdkdghIWEIeKEg7tw5oGqK,NULL,l3MR79kgnD
midiesense,Joann Kelly,ubednar@king.com,B$2y$10$aO3IUnQsjJ7DlSXiN/d9TuIaJncJmMuSFUn1z5VJfSPPirswtASJW,NULL,g4n6lFIXff
Bartmeisebg,Norma Bishop,stephan.hettinger@gmail.com,B$2y$10$jnZZJwp1dkY6vYYUqGPEAu1T39jAZi/fhNJUXT.5rz0rkHBVDJ6Oa,NULL,SewvNnv9eX
Formusa4r,Priscilla Stokes,arlie42@hotmail.com,B$2y$10$apcEA53XIMwo9WwnYnD9v.H9e2QtB13WVIASrc/jSPAdM9i8P2WuC,QYFjHyfiCp,NULL
Zoufalrl,Raul Nelson,anissa.nicolas@renner.biz,B$2y$10$Pl2mlw7AZ0G.VINDRrOQWOTgMv6XctMaKkn8/bAz09IFRSyf7vxrK,NULL,jF4sjXZWCX
niecnieyr,Lillian Bradley,towne.aryanna@gmail.com,B$2y$10$BcRGTXOiKVx8psIzBtIFpeubT6coLZV8Uw4agP5w8wSPiCKU1Cemm,NULL,fTSgMprcz6
dipanandoon,Andre Wright,xhaley@gmail.com,B$2y$10$noWNZQFXRWg3sAiOtOSB8uzOpzD31s85CHYl8GyHuoy/7kMoq18.K,bmHJSi8V0B,NULL
gemyurgertyfj,Eileen Allen,kayli.runolfsdottir@hotmail.com,B$2y$10$AKrjJml/zrvfT7qRdJ0kauxNZCJNY/UBpCMmcFHiVwzrhgJfhG6B6,tofxo6tcCo,NULL
murkam9m,Charlotte Paul,block.hoyt@hotmail.com,B$2y$10$n5RRRtNvh7rviaqkILlDaOOX9EOjGezpoYI4RiYyGilLYnYzkwhuy,VGlSARs0rm,NULL
procenuzt,Jermaine Dixon,bo.harris@hotmail.com,B$2y$10$tJiDgHYNESEwh5kBWN4cUeBKA/k4uc7R9r9t95.uWGPBGM2H5UbZi,qeUDDfex6s,NULL
Joyncgomodq,Rick Barrett,mlegros@koss.com,B$2y$10$gB2E50Chd7AcIzAYESyQzew41suFYRHbKIoZILeij6zY8TaJOH2Le,vQA9fPPWnH,NULL
ograjah0a,Gerald Powell,boyle.heaven@mcglynn.com,B$2y$10$/uaxlpC0v/VA/a64jMbp4ugjBhji8f9d9CtY1S0mivcZEVAaGpP0C,HZ64op2bwP,NULL
mylittlecab5h,Hubert Klein,thaddeus39@yahoo.com,B$2y$10$CODkfuJJ9i7i1QA4NldwcOmsHBfnbPrxl5OVqr6Q/hW/stb.JRxS6,1zlmOPsGf6,NULL
hinkepinkwm,Carol Greene,zwatsica@okuneva.com,B$2y$10$Y82sHBRZWn1ht4xpa4NfzOqqox073u3P4OcA8Yk8/rXW.KhYqI65y,NULL,U5SZbUsoFt
tordin6,Walter Lee,fritsch.lindsey@okuneva.net,B$2y$10$wvJVDxxVIg.NLL3CZA7IPOXSyjrKtLtpsjHFELXw3ve7dV2N9OJK.,RoPtb1tmuV,NULL
petitmotry,Eula Buchanan,joe06@yahoo.com,B$2y$10$MZJxiQM.D7J2I4HyIKVqiuOF0nRYR04OQPdn2ClUqx2XO9q7PhtVq,QtR5F6MO2G,NULL
zwittrigs3,Sherri Barker,deja86@goldner.com,B$2y$10$EeoDo0iigxGqZgr5ereQzuhXkjQFYKvWQHR7CpCpTqUV35swLkOOK,QVETvJ4FF4,E56ASQqKDP
Scotia7q,Ruby Wolfe,sylvester.kuhlman@hotmail.com,B$2y$10$EHZpHxGb78OOxc/cFKET3us0zVeUkZHbnsY4dV46GaLuT8ky4FSza,GRUp43KNoF,NULL
read33210l,Leland Lloyd,loberbrunner@gmail.com,B$2y$10$jTZ8vKzSguKpLI25ZH5KfufaAdRPNOgmrMdpu3fGPkgXs.qWDELDe,NULL,CJuxfIIbws
ebifikile9e,Annette Baldwin,lweber@mueller.com,B$2y$10$MqhBzaptHV0nPd8ktGATjedBULp3A7jZ5O05FBEhC7rhCl3I9YWMC,N47ZeR7BJi,ua7LAaGDGb
Roldfleemopdn,Grady Williams,zherman@gmail.com,B$2y$10$ALvq1mk4U4OWfXjGxo.dReFrwSgKV1DsYKZLj7m00VCD4EmvlN5Au,NULL,jLnj5VN05G
lilibaydn,Earl Ingram,boyd07@yahoo.com,B$2y$10$2xTbGxkBfcPH.G0j4UMvWeggaLK51Hrnp4kq3NyBGOfAOLjpcZ/U2,oF55mTA5Us,NULL
armlannjw,Roderick Simpson,timothy.harris@simonis.com,B$2y$10$N6yGHvinZNINHy7KvjJL3eBXlvo8vY.OWf3aooEu695g5U7gIf4gi,NULL,s6d69BTWPG
enluitvf,Ginger Gross,corwin.berenice@gmail.com,B$2y$10$jKvjkCxYqDZixIekwdPhienNCJlk8LAw6v4vGa/wHkiNzhr0OWESq,gejs8IHHHk,NULL
vezirskimmt,Margarita Norton,jaylin.cronin@gmail.com,B$2y$10$dSSKerHLMupGI03YeguqK.nRoOI0czRL3ZitWozrBokP.t2jKa7Z.,NULL,8CnMRfyuXX
Valdengo0w,Tom Obrien,legros.jaylin@yahoo.com,B$2y$10$O.KlIfVgSZsxrJWRknDr7u1/5K5LP73/Tjzajs7l/HNk.103PU/9u,r3lIXU7pRm,NULL
Gypeskipsem13,Amelia Day,earnestine05@hotmail.com,B$2y$10$SMrYFt4BOC1WKuTMPasu8.foc8LGAaowaI7/hoICHBO0dHn.23Vji,idue2q65Ha,NULL
geheugen7w,Emmett Murphy,mitchel.mraz@gmail.com,B$2y$10$b3eOVUP/wPxNeWvK08ZHduolc.Nq2oDLFZQTZAW8PkQinTBoEFkBa,5zqd4J5yqM,NULL
teneuach1b,Ethel Leonard,fahey.tyrell@witting.com,B$2y$10$r.rz.PV515hXbUc1mKJ2uu7E7gU7b8I0KauljXOdd50LMF3CRLvgm,AO0I3ryaYu,NULL
tarmgangac,Alexandra Grant,lesch.sage@jakubowski.biz,B$2y$10$rAaWfRqzA0C6CC3l3TF5tOvzP69N4xnQzyNcc83A7/8bxbr4xuqN6,cYWbVCC1wG,NULL
cymriwiadu1,Sylvia Hunt,erice@gmail.com,B$2y$10$9VZB/dlhth1VYKdrloFJau1HfFAu6MyR2WYC.QvwdlJCEJbkOJjp2,NULL,b0mJj1SHRr
laroussefou1k,Suzanne Olson,qzulauf@powlowski.biz,B$2y$10$4idHY2xt4xxzYBJHHpVTOOfktpc/flmIncykgWdTY1xbLM/u9zsLq,BdOch6eSJG,NULL
nettlegq,Angie Garrett,bill77@cronin.org,B$2y$10$Hy6Ipejb.L9cPdB66hLKauHLUm04Uo85V78.wWTdTAog6H57KHIb2,NULL,pla0hvaLKO
loverwowb7,Norman Roberson,ztowne@beatty.com,B$2y$10$34UdlVJc1O6JKqKNDltHBOPQpNOGQQj71420RGjKVw5ivA4F4A/VC,vfCm8tBXh7,NULL
